	minimum	q1	median	mean	q3	maximum
1	0.0555555555555556	0.0787037037037037	0.148148148148148	0.125925925925926	0.162037037037037	0.185185185185185
