	minimum	q1	median	mean	q3	maximum
1	0.740740740740741	0.74537037037037	0.787037037037037	0.8	0.814814814814815	0.907407407407407
