	minimum	q1	median	mean	q3	maximum
1	0.666666666666667	0.699074074074074	0.759259259259259	0.761111111111111	0.791666666666667	0.888888888888889
