	minimum	q1	median	mean	q3	maximum
1	0.759259259259259	0.796296296296296	0.814814814814815	0.811111111111111	0.842592592592593	0.851851851851852
