	minimum	q1	median	mean	q3	maximum
1	0.703703703703704	0.768518518518518	0.814814814814815	0.803703703703704	0.847222222222222	0.87037037037037
