	minimum	q1	median	mean	q3	maximum
1	0.0740740740740741	0.0972222222222222	0.111111111111111	0.112962962962963	0.125	0.166666666666667
