	minimum	q1	median	mean	q3	maximum
1	0.740740740740741	0.763888888888889	0.805555555555556	0.809259259259259	0.833333333333333	0.925925925925926
