	minimum	q1	median	mean	q3	maximum
1	0.0185185185185185	0.0231481481481481	0.037037037037037	0.05	0.0694444444444444	0.111111111111111
