	minimum	q1	median	mean	q3	maximum
1	0.722222222222222	0.759259259259259	0.777777777777778	0.781481481481481	0.814814814814815	0.851851851851852
