	minimum	q1	median	mean	q3	maximum
1	0.01852	0.04167	0.06481	0.05556	0.07407	0.07407
