	minimum	q1	median	mean	q3	maximum
1	0.111111111111111	0.134259259259259	0.166666666666667	0.166666666666667	0.185185185185185	0.222222222222222
