	minimum	q1	median	mean	q3	maximum
1	0.037037037037037	0.12962962962963	0.148148148148148	0.12962962962963	0.148148148148148	0.166666666666667
