	minimum	q1	median	mean	q3	maximum
1	0.685185185185185	0.731481481481481	0.777777777777778	0.762962962962963	0.777777777777778	0.814814814814815
