	minimum	q1	median	mean	q3	maximum
1	0.277777777777778	0.296296296296296	0.324074074074074	0.338888888888889	0.351851851851852	0.481481481481481
