	minimum	q1	median	mean	q3	maximum
1	0.722222222222222	0.782407407407407	0.805555555555556	0.809259259259259	0.833333333333333	0.888888888888889
