	minimum	q1	median	mean	q3	maximum
1	0.0925925925925926	0.0972222222222222	0.12037037037037	0.124074074074074	0.12962962962963	0.185185185185185
