	minimum	q1	median	mean	q3	maximum
1	0.111111111111111	0.152777777777778	0.175925925925926	0.183333333333333	0.217592592592593	0.259259259259259
