	minimum	q1	median	mean	q3	maximum
1	0.03704	0.04167	0.05556	0.05556	0.05556	0.09259
