	minimum	q1	median	mean	q3	maximum
1	0.222222222222222	0.347222222222222	0.388888888888889	0.387037037037037	0.439814814814815	0.518518518518518
