	minimum	q1	median	mean	q3	maximum
1	0.037037037037037	0.0555555555555556	0.0925925925925926	0.0851851851851852	0.106481481481481	0.12962962962963
