	minimum	q1	median	mean	q3	maximum
1	0.703703703703704	0.759259259259259	0.814814814814815	0.805555555555556	0.847222222222222	0.888888888888889
