	minimum	q1	median	mean	q3	maximum
1	0.740740740740741	0.814814814814815	0.814814814814815	0.811111111111111	0.828703703703704	0.851851851851852
