	minimum	q1	median	mean	q3	maximum
1	0.0555555555555556	0.0787037037037037	0.111111111111111	0.114814814814815	0.143518518518519	0.185185185185185
