	minimum	q1	median	mean	q3	maximum
1	0	0.02315	0.05556	0.05926	0.08796	0.1481
