	minimum	q1	median	mean	q3	maximum
1	0.685185185185185	0.777777777777778	0.787037037037037	0.798148148148148	0.851851851851852	0.851851851851852
