	minimum	q1	median	mean	q3	maximum
1	0.0740740740740741	0.115740740740741	0.175925925925926	0.157407407407407	0.199074074074074	0.222222222222222
