	minimum	q1	median	mean	q3	maximum
1	0.314814814814815	0.398148148148148	0.435185185185185	0.431481481481481	0.462962962962963	0.555555555555556
