	minimum	q1	median	mean	q3	maximum
1	0.740740740740741	0.777777777777778	0.796296296296296	0.798148148148148	0.828703703703704	0.851851851851852
