	minimum	q1	median	mean	q3	maximum
1	0.685185185185185	0.763888888888889	0.787037037037037	0.781481481481481	0.814814814814815	0.833333333333333
