	minimum	q1	median	mean	q3	maximum
1	0.222222222222222	0.268518518518518	0.324074074074074	0.32037037037037	0.365740740740741	0.407407407407407
