	minimum	q1	median	mean	q3	maximum
1	0.05556	0.09722	0.1204	0.1241	0.1435	0.2037
