	minimum	q1	median	mean	q3	maximum
1	0.722222222222222	0.731481481481481	0.796296296296296	0.781481481481481	0.814814814814815	0.851851851851852
