	minimum	q1	median	mean	q3	maximum
1	0.037037037037037	0.037037037037037	0.0648148148148148	0.0648148148148148	0.087962962962963	0.111111111111111
