	minimum	q1	median	mean	q3	maximum
1	0.0555555555555556	0.0972222222222222	0.12037037037037	0.12962962962963	0.143518518518519	0.240740740740741
