	minimum	q1	median	mean	q3	maximum
1	0	0.0416666666666667	0.0648148148148148	0.062962962962963	0.087962962962963	0.12962962962963
