	minimum	q1	median	mean	q3	maximum
1	0.685185185185185	0.731481481481481	0.768518518518519	0.762962962962963	0.791666666666667	0.833333333333333
