	minimum	q1	median	mean	q3	maximum
1	0.666666666666667	0.726851851851852	0.777777777777778	0.766666666666667	0.796296296296296	0.888888888888889
