	minimum	q1	median	mean	q3	maximum
1	0.703703703703704	0.759259259259259	0.787037037037037	0.792592592592593	0.847222222222222	0.87037037037037
