	minimum	q1	median	mean	q3	maximum
1	0.703703703703704	0.763888888888889	0.814814814814815	0.798148148148148	0.847222222222222	0.87037037037037
