	minimum	q1	median	mean	q3	maximum
1	0.648148148148148	0.722222222222222	0.731481481481481	0.746296296296296	0.768518518518519	0.851851851851852
