	minimum	q1	median	mean	q3	maximum
1	0.685185185185185	0.722222222222222	0.768518518518519	0.772222222222222	0.814814814814815	0.87037037037037
