	minimum	q1	median	mean	q3	maximum
1	0.259259259259259	0.361111111111111	0.398148148148148	0.385185185185185	0.421296296296296	0.462962962962963
