	minimum	q1	median	mean	q3	maximum
1	0.203703703703704	0.300925925925926	0.314814814814815	0.312962962962963	0.328703703703704	0.388888888888889
