	minimum	q1	median	mean	q3	maximum
1	0.037037037037037	0.0925925925925926	0.111111111111111	0.12037037037037	0.143518518518519	0.203703703703704
