	minimum	q1	median	mean	q3	maximum
1	0.0740740740740741	0.0925925925925926	0.101851851851852	0.122222222222222	0.152777777777778	0.203703703703704
