	minimum	q1	median	mean	q3	maximum
1	0.111111111111111	0.166666666666667	0.185185185185185	0.185185185185185	0.203703703703704	0.259259259259259
