	minimum	q1	median	mean	q3	maximum
1	0.722222222222222	0.796296296296296	0.805555555555556	0.801851851851852	0.814814814814815	0.87037037037037
