	minimum	q1	median	mean	q3	maximum
1	0.685185185185185	0.763888888888889	0.796296296296296	0.794444444444444	0.828703703703704	0.888888888888889
