	minimum	q1	median	mean	q3	maximum
1	0.296296296296296	0.375	0.416666666666667	0.42037037037037	0.476851851851852	0.5
