	minimum	q1	median	mean	q3	maximum
1	0.0740740740740741	0.111111111111111	0.12962962962963	0.124074074074074	0.143518518518519	0.166666666666667
