	minimum	q1	median	mean	q3	maximum
1	0.12962962962963	0.194444444444444	0.259259259259259	0.231481481481481	0.277777777777778	0.296296296296296
