	minimum	q1	median	mean	q3	maximum
1	0.05556	0.09259	0.09259	0.1185	0.125	0.2778
