	minimum	q1	median	mean	q3	maximum
1	0	0.0462962962962963	0.0925925925925926	0.0777777777777778	0.106481481481481	0.12962962962963
