	minimum	q1	median	mean	q3	maximum
1	0.722222222222222	0.740740740740741	0.759259259259259	0.762962962962963	0.791666666666667	0.796296296296296
