	minimum	q1	median	mean	q3	maximum
1	0.740740740740741	0.782407407407407	0.805555555555556	0.811111111111111	0.833333333333333	0.907407407407407
