	minimum	q1	median	mean	q3	maximum
1	0.240740740740741	0.319444444444444	0.333333333333333	0.344444444444444	0.393518518518518	0.444444444444444
