	minimum	q1	median	mean	q3	maximum
1	0.222222222222222	0.296296296296296	0.314814814814815	0.318518518518519	0.328703703703704	0.462962962962963
