	minimum	q1	median	mean	q3	maximum
1	0.722222222222222	0.763888888888889	0.814814814814815	0.803703703703704	0.828703703703704	0.888888888888889
