	minimum	q1	median	mean	q3	maximum
1	0.148148148148148	0.171296296296296	0.203703703703704	0.216666666666667	0.25	0.314814814814815
