	minimum	q1	median	mean	q3	maximum
1	0.666666666666667	0.763888888888889	0.805555555555556	0.785185185185185	0.814814814814815	0.833333333333333
