	minimum	q1	median	mean	q3	maximum
1	0.685185185185185	0.759259259259259	0.805555555555556	0.794444444444445	0.833333333333333	0.87037037037037
