	minimum	q1	median	mean	q3	maximum
1	0.722222222222222	0.777777777777778	0.777777777777778	0.785185185185185	0.791666666666667	0.907407407407407
