	minimum	q1	median	mean	q3	maximum
1	0.03704	0.05556	0.06481	0.06852	0.08796	0.1111
