	minimum	q1	median	mean	q3	maximum
1	0	0.03704	0.05556	0.06296	0.09259	0.1296
