	minimum	q1	median	mean	q3	maximum
1	0.222222222222222	0.263888888888889	0.305555555555556	0.288888888888889	0.314814814814815	0.333333333333333
