	minimum	q1	median	mean	q3	maximum
1	0.592592592592593	0.726851851851852	0.759259259259259	0.751851851851852	0.773148148148148	0.888888888888889
