	minimum	q1	median	mean	q3	maximum
1	0.703703703703704	0.791666666666667	0.833333333333333	0.809259259259259	0.833333333333333	0.851851851851852
