	minimum	q1	median	mean	q3	maximum
1	0.222222222222222	0.273148148148148	0.324074074074074	0.325925925925926	0.37037037037037	0.407407407407407
