	minimum	q1	median	mean	q3	maximum
1	0.759259259259259	0.777777777777778	0.824074074074074	0.812962962962963	0.833333333333333	0.888888888888889
