	minimum	q1	median	mean	q3	maximum
1	0.703703703703704	0.763888888888889	0.796296296296296	0.790740740740741	0.828703703703704	0.851851851851852
