	minimum	q1	median	mean	q3	maximum
1	0.03704	0.06019	0.08333	0.08704	0.1111	0.1481
