	minimum	q1	median	mean	q3	maximum
1	0.203703703703704	0.226851851851852	0.25	0.25	0.259259259259259	0.314814814814815
