	minimum	q1	median	mean	q3	maximum
1	0	0.02315	0.0463	0.04074	0.05556	0.07407
