	minimum	q1	median	mean	q3	maximum
1	0.722222222222222	0.782407407407407	0.796296296296296	0.803703703703704	0.810185185185185	0.925925925925926
