	minimum	q1	median	mean	q3	maximum
1	0.722222222222222	0.777777777777778	0.787037037037037	0.794444444444444	0.810185185185185	0.888888888888889
