	minimum	q1	median	mean	q3	maximum
1	0.0555555555555556	0.0925925925925926	0.111111111111111	0.109259259259259	0.111111111111111	0.166666666666667
