	minimum	q1	median	mean	q3	maximum
1	0.685185185185185	0.791666666666667	0.842592592592593	0.82037037037037	0.87037037037037	0.888888888888889
