	minimum	q1	median	mean	q3	maximum
1	0.037037037037037	0.0555555555555556	0.0555555555555556	0.0648148148148148	0.0740740740740741	0.111111111111111
