	minimum	q1	median	mean	q3	maximum
1	0.0185185185185185	0.0231481481481481	0.0462962962962963	0.0555555555555556	0.0694444444444444	0.166666666666667
