	minimum	q1	median	mean	q3	maximum
1	0.722222222222222	0.777777777777778	0.814814814814815	0.801851851851852	0.833333333333333	0.851851851851852
