	minimum	q1	median	mean	q3	maximum
1	0.685185185185185	0.759259259259259	0.777777777777778	0.783333333333333	0.814814814814815	0.907407407407407
