	minimum	q1	median	mean	q3	maximum
1	0.740740740740741	0.782407407407407	0.796296296296296	0.798148148148148	0.814814814814815	0.833333333333333
