	minimum	q1	median	mean	q3	maximum
1	0.722222222222222	0.759259259259259	0.787037037037037	0.787037037037037	0.810185185185185	0.87037037037037
