	minimum	q1	median	mean	q3	maximum
1	0.0555555555555556	0.148148148148148	0.148148148148148	0.144444444444444	0.148148148148148	0.240740740740741
