	minimum	q1	median	mean	q3	maximum
1	0.685185185185185	0.740740740740741	0.777777777777778	0.77037037037037	0.810185185185185	0.833333333333333
