	minimum	q1	median	mean	q3	maximum
1	0.222222222222222	0.268518518518518	0.314814814814815	0.309259259259259	0.347222222222222	0.388888888888889
