	minimum	q1	median	mean	q3	maximum
1	0.0555555555555556	0.111111111111111	0.12037037037037	0.127777777777778	0.157407407407407	0.203703703703704
