	minimum	q1	median	mean	q3	maximum
1	0.037037037037037	0.0833333333333333	0.12037037037037	0.114814814814815	0.157407407407407	0.185185185185185
