	minimum	q1	median	mean	q3	maximum
1	0.0555555555555556	0.115740740740741	0.148148148148148	0.146296296296296	0.175925925925926	0.222222222222222
