	minimum	q1	median	mean	q3	maximum
1	0.740740740740741	0.796296296296296	0.814814814814815	0.807407407407407	0.833333333333333	0.851851851851852
