	minimum	q1	median	mean	q3	maximum
1	0.0555555555555556	0.0925925925925926	0.101851851851852	0.111111111111111	0.12962962962963	0.185185185185185
