	minimum	q1	median	mean	q3	maximum
1	0.0185185185185185	0.037037037037037	0.0648148148148148	0.0740740740740741	0.087962962962963	0.203703703703704
