	minimum	q1	median	mean	q3	maximum
1	0.740740740740741	0.782407407407407	0.824074074074074	0.809259259259259	0.833333333333333	0.851851851851852
