	minimum	q1	median	mean	q3	maximum
1	0.685185185185185	0.759259259259259	0.768518518518519	0.772222222222222	0.791666666666667	0.833333333333333
