	minimum	q1	median	mean	q3	maximum
1	0.259259259259259	0.328703703703704	0.37037037037037	0.364814814814815	0.421296296296296	0.425925925925926
