	minimum	q1	median	mean	q3	maximum
1	0.148148148148148	0.189814814814815	0.222222222222222	0.240740740740741	0.300925925925926	0.333333333333333
