	minimum	q1	median	mean	q3	maximum
1	0.592592592592593	0.726851851851852	0.796296296296296	0.772222222222222	0.828703703703704	0.888888888888889
