	minimum	q1	median	mean	q3	maximum
1	0.703703703703704	0.74537037037037	0.768518518518519	0.781481481481481	0.810185185185185	0.907407407407407
