	minimum	q1	median	mean	q3	maximum
1	0.12962962962963	0.134259259259259	0.157407407407407	0.159259259259259	0.180555555555556	0.203703703703704
