	minimum	q1	median	mean	q3	maximum
1	0.148148148148148	0.166666666666667	0.203703703703704	0.190740740740741	0.217592592592593	0.222222222222222
