	minimum	q1	median	mean	q3	maximum
1	0.12962962962963	0.12962962962963	0.138888888888889	0.153703703703704	0.166666666666667	0.222222222222222
