	minimum	q1	median	mean	q3	maximum
1	0.166666666666667	0.203703703703704	0.212962962962963	0.224074074074074	0.240740740740741	0.314814814814815
