	minimum	q1	median	mean	q3	maximum
1	0.203703703703704	0.324074074074074	0.351851851851852	0.348148148148148	0.402777777777778	0.407407407407407
