	minimum	q1	median	mean	q3	maximum
1	0.111111111111111	0.111111111111111	0.138888888888889	0.161111111111111	0.203703703703704	0.259259259259259
