	minimum	q1	median	mean	q3	maximum
1	0.666666666666667	0.726851851851852	0.796296296296296	0.787037037037037	0.828703703703704	0.907407407407407
