	minimum	q1	median	mean	q3	maximum
1	0	0.0231481481481481	0.037037037037037	0.037037037037037	0.037037037037037	0.0925925925925926
