	minimum	q1	median	mean	q3	maximum
1	0.12962962962963	0.134259259259259	0.148148148148148	0.17037037037037	0.194444444444444	0.277777777777778
