	minimum	q1	median	mean	q3	maximum
1	0.240740740740741	0.300925925925926	0.333333333333333	0.32962962962963	0.365740740740741	0.425925925925926
