	minimum	q1	median	mean	q3	maximum
1	0.666666666666667	0.768518518518518	0.805555555555556	0.788888888888889	0.828703703703704	0.851851851851852
