	minimum	q1	median	mean	q3	maximum
1	0.333333333333333	0.361111111111111	0.398148148148148	0.4	0.421296296296296	0.481481481481481
