	minimum	q1	median	mean	q3	maximum
1	0.166666666666667	0.231481481481481	0.268518518518518	0.259259259259259	0.291666666666667	0.314814814814815
