	minimum	q1	median	mean	q3	maximum
1	0.611111111111111	0.689814814814815	0.731481481481482	0.742592592592593	0.805555555555555	0.851851851851852
