	minimum	q1	median	mean	q3	maximum
1	0.722222222222222	0.74537037037037	0.796296296296296	0.792592592592593	0.833333333333333	0.87037037037037
