	minimum	q1	median	mean	q3	maximum
1	0.333333333333333	0.37037037037037	0.398148148148148	0.398148148148148	0.425925925925926	0.444444444444444
