	minimum	q1	median	mean	q3	maximum
1	0.703703703703704	0.74537037037037	0.768518518518519	0.775925925925926	0.805555555555555	0.888888888888889
