	minimum	q1	median	mean	q3	maximum
1	0.685185185185185	0.782407407407407	0.814814814814815	0.801851851851852	0.833333333333333	0.87037037037037
