	minimum	q1	median	mean	q3	maximum
1	0.759259259259259	0.782407407407407	0.796296296296296	0.807407407407407	0.828703703703704	0.87037037037037
