	minimum	q1	median	mean	q3	maximum
1	0.685185185185185	0.763888888888889	0.814814814814815	0.792592592592593	0.814814814814815	0.87037037037037
