	minimum	q1	median	mean	q3	maximum
1	0.01852	0.03704	0.0463	0.05	0.06944	0.07407
