	minimum	q1	median	mean	q3	maximum
1	0.703703703703704	0.787037037037037	0.814814814814815	0.8	0.833333333333333	0.87037037037037
