	minimum	q1	median	mean	q3	maximum
1	0.203703703703704	0.277777777777778	0.296296296296296	0.288888888888889	0.314814814814815	0.314814814814815
