	minimum	q1	median	mean	q3	maximum
1	0.12962962962963	0.222222222222222	0.25	0.242592592592593	0.277777777777778	0.314814814814815
