	minimum	q1	median	mean	q3	maximum
1	0.185185185185185	0.222222222222222	0.268518518518518	0.261111111111111	0.305555555555556	0.333333333333333
