	minimum	q1	median	mean	q3	maximum
1	0.037037037037037	0.0601851851851852	0.0740740740740741	0.0851851851851852	0.0925925925925926	0.166666666666667
