	minimum	q1	median	mean	q3	maximum
1	0.0740740740740741	0.0833333333333333	0.12962962962963	0.118518518518519	0.12962962962963	0.185185185185185
