	minimum	q1	median	mean	q3	maximum
1	0.277777777777778	0.300925925925926	0.361111111111111	0.346296296296296	0.384259259259259	0.407407407407407
