	minimum	q1	median	mean	q3	maximum
1	0.259259259259259	0.351851851851852	0.361111111111111	0.357407407407407	0.384259259259259	0.407407407407407
