	minimum	q1	median	mean	q3	maximum
1	0.685185185185185	0.759259259259259	0.768518518518519	0.787037037037037	0.824074074074074	0.888888888888889
