	minimum	q1	median	mean	q3	maximum
1	0.685185185185185	0.712962962962963	0.740740740740741	0.757407407407407	0.805555555555555	0.833333333333333
