	minimum	q1	median	mean	q3	maximum
1	0.666666666666667	0.787037037037037	0.814814814814815	0.805555555555556	0.851851851851852	0.87037037037037
