	minimum	q1	median	mean	q3	maximum
1	0.0925925925925926	0.0925925925925926	0.111111111111111	0.116666666666667	0.12962962962963	0.166666666666667
