	minimum	q1	median	mean	q3	maximum
1	0.185185185185185	0.24537037037037	0.259259259259259	0.264814814814815	0.296296296296296	0.333333333333333
