	minimum	q1	median	mean	q3	maximum
1	0.777777777777778	0.800925925925926	0.814814814814815	0.814814814814815	0.828703703703704	0.851851851851852
