	minimum	q1	median	mean	q3	maximum
1	0	0.0555555555555556	0.0740740740740741	0.0703703703703704	0.0925925925925926	0.12962962962963
