	minimum	q1	median	mean	q3	maximum
1	0.722222222222222	0.777777777777778	0.796296296296296	0.807407407407407	0.847222222222222	0.907407407407407
