	minimum	q1	median	mean	q3	maximum
1	0.037037037037037	0.0787037037037037	0.0925925925925926	0.0907407407407407	0.106481481481481	0.148148148148148
