	minimum	q1	median	mean	q3	maximum
1	0.666666666666667	0.763888888888889	0.796296296296296	0.798148148148148	0.847222222222222	0.888888888888889
