	minimum	q1	median	mean	q3	maximum
1	0.240740740740741	0.337962962962963	0.351851851851852	0.359259259259259	0.384259259259259	0.518518518518518
