	minimum	q1	median	mean	q3	maximum
1	0.037037037037037	0.0740740740740741	0.0925925925925926	0.1	0.12037037037037	0.185185185185185
