	minimum	q1	median	mean	q3	maximum
1	0.703703703703704	0.800925925925926	0.824074074074074	0.818518518518519	0.861111111111111	0.907407407407407
