	minimum	q1	median	mean	q3	maximum
1	0.0925925925925926	0.111111111111111	0.12962962962963	0.133333333333333	0.157407407407407	0.185185185185185
