	minimum	q1	median	mean	q3	maximum
1	0.12962962962963	0.148148148148148	0.175925925925926	0.174074074074074	0.203703703703704	0.222222222222222
