	minimum	q1	median	mean	q3	maximum
1	0.685185185185185	0.759259259259259	0.805555555555556	0.805555555555556	0.865740740740741	0.907407407407407
