	minimum	q1	median	mean	q3	maximum
1	0.037037037037037	0.0972222222222222	0.111111111111111	0.111111111111111	0.12962962962963	0.185185185185185
