	minimum	q1	median	mean	q3	maximum
1	0.740740740740741	0.759259259259259	0.796296296296296	0.787037037037037	0.810185185185185	0.851851851851852
