	minimum	q1	median	mean	q3	maximum
1	0.01852	0.03704	0.05556	0.06111	0.06944	0.1296
