	minimum	q1	median	mean	q3	maximum
1	0.12962962962963	0.152777777777778	0.185185185185185	0.194444444444444	0.222222222222222	0.314814814814815
