	minimum	q1	median	mean	q3	maximum
1	0.259259259259259	0.277777777777778	0.296296296296296	0.309259259259259	0.333333333333333	0.37037037037037
