	minimum	q1	median	mean	q3	maximum
1	0.648148148148148	0.75	0.814814814814815	0.794444444444444	0.842592592592593	0.907407407407407
