	minimum	q1	median	mean	q3	maximum
1	0.611111111111111	0.74537037037037	0.796296296296296	0.777777777777778	0.828703703703704	0.87037037037037
