	minimum	q1	median	mean	q3	maximum
1	0.62962962962963	0.782407407407407	0.805555555555556	0.787037037037037	0.814814814814815	0.87037037037037
