	minimum	q1	median	mean	q3	maximum
1	0	0.0185185185185185	0.0462962962962963	0.0518518518518519	0.0740740740740741	0.12962962962963
