	minimum	q1	median	mean	q3	maximum
1	0.666666666666667	0.814814814814815	0.842592592592593	0.827777777777778	0.865740740740741	0.907407407407407
