	minimum	q1	median	mean	q3	maximum
1	0.12962962962963	0.152777777777778	0.175925925925926	0.17962962962963	0.217592592592593	0.222222222222222
