	minimum	q1	median	mean	q3	maximum
1	0.685185185185185	0.736111111111111	0.787037037037037	0.785185185185185	0.828703703703704	0.87037037037037
