	minimum	q1	median	mean	q3	maximum
1	0.0185185185185185	0.0416666666666667	0.0648148148148148	0.062962962962963	0.0740740740740741	0.111111111111111
