	minimum	q1	median	mean	q3	maximum
1	0.685185185185185	0.763888888888889	0.777777777777778	0.77962962962963	0.791666666666667	0.87037037037037
