	minimum	q1	median	mean	q3	maximum
1	0	0.04167	0.05556	0.0537	0.05556	0.1111
