	minimum	q1	median	mean	q3	maximum
1	0.037037037037037	0.0833333333333333	0.12037037037037	0.112962962962963	0.12962962962963	0.185185185185185
