	minimum	q1	median	mean	q3	maximum
1	0.12962962962963	0.152777777777778	0.175925925925926	0.181481481481481	0.203703703703704	0.240740740740741
