	minimum	q1	median	mean	q3	maximum
1	0.722222222222222	0.768518518518518	0.796296296296296	0.790740740740741	0.796296296296296	0.851851851851852
