	minimum	q1	median	mean	q3	maximum
1	0	0.04167	0.07407	0.06667	0.09259	0.1111
