	minimum	q1	median	mean	q3	maximum
1	0.0555555555555556	0.134259259259259	0.166666666666667	0.159259259259259	0.199074074074074	0.222222222222222
