	minimum	q1	median	mean	q3	maximum
1	0.296296296296296	0.328703703703704	0.37037037037037	0.375925925925926	0.412037037037037	0.481481481481481
