	minimum	q1	median	mean	q3	maximum
1	0.0740740740740741	0.203703703703704	0.222222222222222	0.212962962962963	0.240740740740741	0.314814814814815
