	minimum	q1	median	mean	q3	maximum
1	0.12962962962963	0.203703703703704	0.222222222222222	0.205555555555556	0.236111111111111	0.240740740740741
