	minimum	q1	median	mean	q3	maximum
1	0.592592592592593	0.74537037037037	0.796296296296296	0.777777777777778	0.833333333333333	0.888888888888889
