	minimum	q1	median	mean	q3	maximum
1	0.148148148148148	0.175925925925926	0.222222222222222	0.218518518518519	0.25462962962963	0.296296296296296
