	minimum	q1	median	mean	q3	maximum
1	0.296296296296296	0.347222222222222	0.398148148148148	0.390740740740741	0.439814814814815	0.462962962962963
