	minimum	q1	median	mean	q3	maximum
1	0.722222222222222	0.782407407407407	0.824074074074074	0.814814814814815	0.861111111111111	0.888888888888889
