	minimum	q1	median	mean	q3	maximum
1	0.666666666666667	0.763888888888889	0.777777777777778	0.777777777777778	0.796296296296296	0.87037037037037
