	minimum	q1	median	mean	q3	maximum
1	0.296296296296296	0.351851851851852	0.37037037037037	0.362962962962963	0.37037037037037	0.425925925925926
