	minimum	q1	median	mean	q3	maximum
1	0.685185185185185	0.75462962962963	0.796296296296296	0.783333333333333	0.810185185185185	0.87037037037037
