	minimum	q1	median	mean	q3	maximum
1	0.722222222222222	0.763888888888889	0.787037037037037	0.803703703703704	0.847222222222222	0.888888888888889
