	minimum	q1	median	mean	q3	maximum
1	0.666666666666667	0.75	0.796296296296296	0.790740740740741	0.837962962962963	0.888888888888889
