	minimum	q1	median	mean	q3	maximum
1	0.703703703703704	0.740740740740741	0.768518518518519	0.77962962962963	0.824074074074074	0.87037037037037
