	minimum	q1	median	mean	q3	maximum
1	0.0925925925925926	0.152777777777778	0.175925925925926	0.162962962962963	0.185185185185185	0.203703703703704
