	minimum	q1	median	mean	q3	maximum
1	0.648148148148148	0.712962962962963	0.759259259259259	0.746296296296296	0.791666666666667	0.814814814814815
