	minimum	q1	median	mean	q3	maximum
1	0.703703703703704	0.736111111111111	0.796296296296296	0.788888888888889	0.828703703703704	0.87037037037037
