	minimum	q1	median	mean	q3	maximum
1	0.703703703703704	0.722222222222222	0.796296296296296	0.768518518518518	0.810185185185185	0.814814814814815
