	minimum	q1	median	mean	q3	maximum
1	0.185185185185185	0.24537037037037	0.277777777777778	0.268518518518518	0.296296296296296	0.333333333333333
