	minimum	q1	median	mean	q3	maximum
1	0.0740740740740741	0.157407407407407	0.203703703703704	0.190740740740741	0.236111111111111	0.277777777777778
