	minimum	q1	median	mean	q3	maximum
1	0.037037037037037	0.0555555555555556	0.0833333333333333	0.087037037037037	0.111111111111111	0.148148148148148
