	minimum	q1	median	mean	q3	maximum
1	0.759259259259259	0.777777777777778	0.787037037037037	0.8	0.828703703703704	0.87037037037037
