	minimum	q1	median	mean	q3	maximum
1	0.703703703703704	0.768518518518518	0.833333333333333	0.82037037037037	0.87962962962963	0.907407407407407
