	minimum	q1	median	mean	q3	maximum
1	0.407407407407407	0.412037037037037	0.444444444444444	0.457407407407407	0.49537037037037	0.537037037037037
