	minimum	q1	median	mean	q3	maximum
1	0.259259259259259	0.314814814814815	0.388888888888889	0.364814814814815	0.407407407407407	0.444444444444444
