	minimum	q1	median	mean	q3	maximum
1	0.111111111111111	0.148148148148148	0.148148148148148	0.175925925925926	0.203703703703704	0.296296296296296
