	minimum	q1	median	mean	q3	maximum
1	0.740740740740741	0.763888888888889	0.814814814814815	0.803703703703704	0.833333333333333	0.888888888888889
