	minimum	q1	median	mean	q3	maximum
1	0.666666666666667	0.777777777777778	0.787037037037037	0.783333333333333	0.810185185185185	0.833333333333333
