	minimum	q1	median	mean	q3	maximum
1	0.296296296296296	0.356481481481482	0.37962962962963	0.381481481481481	0.407407407407407	0.5
