	minimum	q1	median	mean	q3	maximum
1	0.296296296296296	0.351851851851852	0.37037037037037	0.364814814814815	0.384259259259259	0.425925925925926
