	minimum	q1	median	mean	q3	maximum
1	0.037037037037037	0.134259259259259	0.148148148148148	0.157407407407407	0.217592592592593	0.240740740740741
