	minimum	q1	median	mean	q3	maximum
1	0.12962962962963	0.185185185185185	0.240740740740741	0.22962962962963	0.287037037037037	0.314814814814815
