	minimum	q1	median	mean	q3	maximum
1	0.111111111111111	0.148148148148148	0.166666666666667	0.164814814814815	0.180555555555556	0.222222222222222
