	minimum	q1	median	mean	q3	maximum
1	0.740740740740741	0.768518518518518	0.814814814814815	0.801851851851852	0.828703703703704	0.87037037037037
