	minimum	q1	median	mean	q3	maximum
1	0.111111111111111	0.171296296296296	0.203703703703704	0.196296296296296	0.222222222222222	0.277777777777778
