	minimum	q1	median	mean	q3	maximum
1	0.0185185185185185	0.037037037037037	0.0462962962962963	0.0462962962962963	0.0555555555555556	0.0740740740740741
