	minimum	q1	median	mean	q3	maximum
1	0.111111111111111	0.166666666666667	0.166666666666667	0.201851851851852	0.236111111111111	0.351851851851852
