	minimum	q1	median	mean	q3	maximum
1	0	0.0416666666666667	0.0555555555555556	0.05	0.0694444444444444	0.0740740740740741
