	minimum	q1	median	mean	q3	maximum
1	0.203703703703704	0.24537037037037	0.287037037037037	0.281481481481481	0.328703703703704	0.333333333333333
