	minimum	q1	median	mean	q3	maximum
1	0.0555555555555556	0.0740740740740741	0.0925925925925926	0.0962962962962963	0.111111111111111	0.148148148148148
