	minimum	q1	median	mean	q3	maximum
1	0.296296296296296	0.337962962962963	0.37037037037037	0.377777777777778	0.416666666666667	0.481481481481481
