	minimum	q1	median	mean	q3	maximum
1	0.148148148148148	0.203703703703704	0.222222222222222	0.224074074074074	0.240740740740741	0.296296296296296
