	minimum	q1	median	mean	q3	maximum
1	0.666666666666667	0.759259259259259	0.796296296296296	0.77037037037037	0.796296296296296	0.833333333333333
