	minimum	q1	median	mean	q3	maximum
1	0.666666666666667	0.74537037037037	0.777777777777778	0.777777777777778	0.810185185185185	0.87037037037037
