	minimum	q1	median	mean	q3	maximum
1	0.62962962962963	0.736111111111111	0.777777777777778	0.777777777777778	0.810185185185185	0.907407407407407
