	minimum	q1	median	mean	q3	maximum
1	0.574074074074074	0.731481481481481	0.768518518518519	0.755555555555556	0.805555555555555	0.833333333333333
