	minimum	q1	median	mean	q3	maximum
1	0.666666666666667	0.726851851851852	0.777777777777778	0.772222222222222	0.824074074074074	0.87037037037037
