	minimum	q1	median	mean	q3	maximum
1	0.722222222222222	0.740740740740741	0.768518518518519	0.764814814814815	0.791666666666667	0.814814814814815
