	minimum	q1	median	mean	q3	maximum
1	0.277777777777778	0.351851851851852	0.37037037037037	0.362962962962963	0.384259259259259	0.407407407407407
