	minimum	q1	median	mean	q3	maximum
1	0.666666666666667	0.731481481481481	0.777777777777778	0.766666666666667	0.796296296296296	0.833333333333333
