	minimum	q1	median	mean	q3	maximum
1	0.0740740740740741	0.115740740740741	0.12962962962963	0.133333333333333	0.162037037037037	0.166666666666667
