	minimum	q1	median	mean	q3	maximum
1	0.037037037037037	0.0740740740740741	0.101851851851852	0.103703703703704	0.125	0.185185185185185
