	minimum	q1	median	mean	q3	maximum
1	0.703703703703704	0.74537037037037	0.759259259259259	0.772222222222222	0.791666666666667	0.888888888888889
