	minimum	q1	median	mean	q3	maximum
1	0.148148148148148	0.171296296296296	0.203703703703704	0.207407407407407	0.231481481481481	0.296296296296296
