	minimum	q1	median	mean	q3	maximum
1	0.240740740740741	0.333333333333333	0.351851851851852	0.357407407407407	0.402777777777778	0.462962962962963
