	minimum	q1	median	mean	q3	maximum
1	0.203703703703704	0.240740740740741	0.314814814814815	0.301851851851852	0.365740740740741	0.388888888888889
