	minimum	q1	median	mean	q3	maximum
1	0.0555555555555556	0.171296296296296	0.185185185185185	0.187037037037037	0.217592592592593	0.277777777777778
