	minimum	q1	median	mean	q3	maximum
1	0.666666666666667	0.722222222222222	0.805555555555556	0.787037037037037	0.828703703703704	0.925925925925926
