	minimum	q1	median	mean	q3	maximum
1	0.111111111111111	0.157407407407407	0.212962962962963	0.201851851851852	0.25	0.277777777777778
