	minimum	q1	median	mean	q3	maximum
1	0.648148148148148	0.712962962962963	0.787037037037037	0.762962962962963	0.796296296296296	0.87037037037037
