	minimum	q1	median	mean	q3	maximum
1	0.037037037037037	0.037037037037037	0.0555555555555556	0.0574074074074074	0.0555555555555556	0.12962962962963
