	minimum	q1	median	mean	q3	maximum
1	0.722222222222222	0.782407407407407	0.805555555555556	0.809259259259259	0.828703703703704	0.925925925925926
