	minimum	q1	median	mean	q3	maximum
1	0.222222222222222	0.263888888888889	0.287037037037037	0.292592592592593	0.310185185185185	0.37037037037037
