	minimum	q1	median	mean	q3	maximum
1	0	0.037037037037037	0.0648148148148148	0.0611111111111111	0.0740740740740741	0.12962962962963
