	minimum	q1	median	mean	q3	maximum
1	0.296296296296296	0.319444444444444	0.37037037037037	0.366666666666667	0.402777777777778	0.444444444444444
