	minimum	q1	median	mean	q3	maximum
1	0.0925925925925926	0.171296296296296	0.185185185185185	0.181481481481481	0.203703703703704	0.259259259259259
