	minimum	q1	median	mean	q3	maximum
1	0.666666666666667	0.703703703703704	0.768518518518518	0.774074074074074	0.856481481481482	0.87037037037037
