	minimum	q1	median	mean	q3	maximum
1	0.0185185185185185	0.0416666666666667	0.0555555555555556	0.0759259259259259	0.106481481481481	0.148148148148148
