	minimum	q1	median	mean	q3	maximum
1	0.740740740740741	0.796296296296296	0.814814814814815	0.82037037037037	0.833333333333333	0.907407407407407
