	minimum	q1	median	mean	q3	maximum
1	0.0925925925925926	0.134259259259259	0.166666666666667	0.17037037037037	0.203703703703704	0.259259259259259
