	minimum	q1	median	mean	q3	maximum
1	0.0740740740740741	0.148148148148148	0.148148148148148	0.177777777777778	0.217592592592593	0.296296296296296
