	minimum	q1	median	mean	q3	maximum
1	0.166666666666667	0.185185185185185	0.194444444444444	0.211111111111111	0.217592592592593	0.296296296296296
