	minimum	q1	median	mean	q3	maximum
1	0.648148148148148	0.722222222222222	0.75	0.748148148148148	0.787037037037037	0.851851851851852
