	minimum	q1	median	mean	q3	maximum
1	0.111111111111111	0.138888888888889	0.194444444444444	0.183333333333333	0.203703703703704	0.296296296296296
