	minimum	q1	median	mean	q3	maximum
1	0.111111111111111	0.152777777777778	0.231481481481481	0.214814814814815	0.240740740740741	0.351851851851852
