	minimum	q1	median	mean	q3	maximum
1	0.12962962962963	0.166666666666667	0.185185185185185	0.187037037037037	0.199074074074074	0.259259259259259
