	minimum	q1	median	mean	q3	maximum
1	0.666666666666667	0.75	0.796296296296296	0.781481481481481	0.824074074074074	0.851851851851852
