	minimum	q1	median	mean	q3	maximum
1	0.611111111111111	0.74537037037037	0.759259259259259	0.757407407407407	0.814814814814815	0.814814814814815
