	minimum	q1	median	mean	q3	maximum
1	0.648148148148148	0.759259259259259	0.759259259259259	0.762962962962963	0.777777777777778	0.851851851851852
