	minimum	q1	median	mean	q3	maximum
1	0.703703703703704	0.740740740740741	0.75	0.759259259259259	0.777777777777778	0.814814814814815
