	minimum	q1	median	mean	q3	maximum
1	0.703703703703704	0.731481481481481	0.759259259259259	0.759259259259259	0.773148148148148	0.851851851851852
