	minimum	q1	median	mean	q3	maximum
1	0.759259259259259	0.782407407407407	0.824074074074074	0.825925925925926	0.865740740740741	0.888888888888889
