	minimum	q1	median	mean	q3	maximum
1	0.037037037037037	0.0925925925925926	0.111111111111111	0.0981481481481481	0.111111111111111	0.12962962962963
