	minimum	q1	median	mean	q3	maximum
1	0.685185185185185	0.763888888888889	0.796296296296296	0.798148148148148	0.828703703703704	0.907407407407407
