	minimum	q1	median	mean	q3	maximum
1	0.185185185185185	0.222222222222222	0.231481481481481	0.246296296296296	0.277777777777778	0.296296296296296
