	minimum	q1	median	mean	q3	maximum
1	0.12962962962963	0.203703703703704	0.212962962962963	0.237037037037037	0.305555555555556	0.351851851851852
