	minimum	q1	median	mean	q3	maximum
1	0.666666666666667	0.726851851851852	0.787037037037037	0.772222222222222	0.810185185185185	0.888888888888889
