	minimum	q1	median	mean	q3	maximum
1	0.240740740740741	0.375	0.388888888888889	0.388888888888889	0.444444444444444	0.444444444444444
