	minimum	q1	median	mean	q3	maximum
1	0.12962962962963	0.148148148148148	0.166666666666667	0.183333333333333	0.217592592592593	0.259259259259259
