	minimum	q1	median	mean	q3	maximum
1	0.314814814814815	0.356481481481482	0.388888888888889	0.385185185185185	0.421296296296296	0.425925925925926
