	minimum	q1	median	mean	q3	maximum
1	0.203703703703704	0.356481481481482	0.37962962962963	0.377777777777778	0.416666666666667	0.481481481481481
