	minimum	q1	median	mean	q3	maximum
1	0.703703703703704	0.777777777777778	0.805555555555556	0.803703703703704	0.842592592592593	0.925925925925926
