	minimum	q1	median	mean	q3	maximum
1	0.740740740740741	0.782407407407407	0.814814814814815	0.812962962962963	0.847222222222222	0.87037037037037
