	minimum	q1	median	mean	q3	maximum
1	0.648148148148148	0.759259259259259	0.777777777777778	0.774074074074074	0.810185185185185	0.888888888888889
