	minimum	q1	median	mean	q3	maximum
1	0.240740740740741	0.296296296296296	0.314814814814815	0.327777777777778	0.384259259259259	0.388888888888889
