	minimum	q1	median	mean	q3	maximum
1	0.277777777777778	0.337962962962963	0.388888888888889	0.375925925925926	0.402777777777778	0.481481481481481
