	minimum	q1	median	mean	q3	maximum
1	0.685185185185185	0.726851851851852	0.768518518518519	0.775925925925926	0.810185185185185	0.907407407407407
