	minimum	q1	median	mean	q3	maximum
1	0.351851851851852	0.37037037037037	0.435185185185185	0.42037037037037	0.458333333333333	0.5
