	minimum	q1	median	mean	q3	maximum
1	0.259259259259259	0.300925925925926	0.342592592592593	0.338888888888889	0.37962962962963	0.425925925925926
