	minimum	q1	median	mean	q3	maximum
1	0.685185185185185	0.796296296296296	0.814814814814815	0.814814814814815	0.847222222222222	0.888888888888889
