	minimum	q1	median	mean	q3	maximum
1	0.0925925925925926	0.138888888888889	0.166666666666667	0.162962962962963	0.180555555555556	0.240740740740741
