	minimum	q1	median	mean	q3	maximum
1	0.259259259259259	0.282407407407407	0.305555555555556	0.309259259259259	0.328703703703704	0.37037037037037
