	minimum	q1	median	mean	q3	maximum
1	0.314814814814815	0.351851851851852	0.37962962962963	0.403703703703704	0.439814814814815	0.611111111111111
