	minimum	q1	median	mean	q3	maximum
1	0.203703703703704	0.240740740740741	0.259259259259259	0.275925925925926	0.305555555555556	0.388888888888889
