	minimum	q1	median	mean	q3	maximum
1	0.648148148148148	0.712962962962963	0.777777777777778	0.766666666666667	0.796296296296296	0.87037037037037
