	minimum	q1	median	mean	q3	maximum
1	0.62962962962963	0.726851851851852	0.75	0.742592592592593	0.759259259259259	0.796296296296296
