	minimum	q1	median	mean	q3	maximum
1	0.185185185185185	0.226851851851852	0.287037037037037	0.281481481481481	0.314814814814815	0.407407407407407
