	minimum	q1	median	mean	q3	maximum
1	0.666666666666667	0.75	0.796296296296296	0.787037037037037	0.833333333333333	0.87037037037037
