	minimum	q1	median	mean	q3	maximum
1	0.703703703703704	0.777777777777778	0.796296296296296	0.8	0.828703703703704	0.888888888888889
