	minimum	q1	median	mean	q3	maximum
1	0.666666666666667	0.740740740740741	0.777777777777778	0.77962962962963	0.810185185185185	0.907407407407407
