	minimum	q1	median	mean	q3	maximum
1	0.0555555555555556	0.101851851851852	0.12962962962963	0.125925925925926	0.143518518518519	0.203703703703704
