	minimum	q1	median	mean	q3	maximum
1	0.0185185185185185	0.0555555555555556	0.0740740740740741	0.062962962962963	0.0740740740740741	0.0925925925925926
