	minimum	q1	median	mean	q3	maximum
1	0.740740740740741	0.759259259259259	0.805555555555556	0.796296296296296	0.814814814814815	0.87037037037037
