	minimum	q1	median	mean	q3	maximum
1	0.148148148148148	0.166666666666667	0.194444444444444	0.198148148148148	0.217592592592593	0.277777777777778
