	minimum	q1	median	mean	q3	maximum
1	0.740740740740741	0.740740740740741	0.777777777777778	0.783333333333333	0.814814814814815	0.87037037037037
