	minimum	q1	median	mean	q3	maximum
1	0.722222222222222	0.763888888888889	0.777777777777778	0.790740740740741	0.819444444444444	0.87037037037037
