	minimum	q1	median	mean	q3	maximum
1	0.722222222222222	0.74537037037037	0.787037037037037	0.792592592592593	0.828703703703704	0.888888888888889
