	minimum	q1	median	mean	q3	maximum
1	0.703703703703704	0.763888888888889	0.787037037037037	0.775925925925926	0.810185185185185	0.814814814814815
