	minimum	q1	median	mean	q3	maximum
1	0.0740740740740741	0.111111111111111	0.12962962962963	0.137037037037037	0.157407407407407	0.240740740740741
