	minimum	q1	median	mean	q3	maximum
1	0.703703703703704	0.759259259259259	0.759259259259259	0.768518518518518	0.796296296296296	0.814814814814815
