	minimum	q1	median	mean	q3	maximum
1	0.0740740740740741	0.134259259259259	0.185185185185185	0.177777777777778	0.217592592592593	0.277777777777778
