	minimum	q1	median	mean	q3	maximum
1	0.722222222222222	0.74537037037037	0.759259259259259	0.775925925925926	0.819444444444444	0.851851851851852
