	minimum	q1	median	mean	q3	maximum
1	0.351851851851852	0.375	0.398148148148148	0.405555555555556	0.435185185185185	0.462962962962963
