	minimum	q1	median	mean	q3	maximum
1	0.62962962962963	0.731481481481481	0.759259259259259	0.748148148148148	0.773148148148148	0.833333333333333
