	minimum	q1	median	mean	q3	maximum
1	0.740740740740741	0.777777777777778	0.796296296296296	0.790740740740741	0.796296296296296	0.833333333333333
