	minimum	q1	median	mean	q3	maximum
1	0.148148148148148	0.171296296296296	0.194444444444444	0.205555555555556	0.222222222222222	0.351851851851852
