	minimum	q1	median	mean	q3	maximum
1	0.648148148148148	0.782407407407407	0.796296296296296	0.783333333333333	0.814814814814815	0.87037037037037
