	minimum	q1	median	mean	q3	maximum
1	0.685185185185185	0.777777777777778	0.814814814814815	0.801851851851852	0.828703703703704	0.888888888888889
