	minimum	q1	median	mean	q3	maximum
1	0.0740740740740741	0.148148148148148	0.175925925925926	0.175925925925926	0.203703703703704	0.277777777777778
