	minimum	q1	median	mean	q3	maximum
1	0.685185185185185	0.736111111111111	0.805555555555556	0.781481481481481	0.828703703703704	0.833333333333333
