	minimum	q1	median	mean	q3	maximum
1	0.685185185185185	0.74537037037037	0.805555555555556	0.783333333333333	0.814814814814815	0.851851851851852
