	minimum	q1	median	mean	q3	maximum
1	0.703703703703704	0.722222222222222	0.75	0.77037037037037	0.796296296296296	0.888888888888889
