	minimum	q1	median	mean	q3	maximum
1	0.148148148148148	0.208333333333333	0.222222222222222	0.233333333333333	0.268518518518519	0.314814814814815
