	minimum	q1	median	mean	q3	maximum
1	0.148148148148148	0.226851851851852	0.259259259259259	0.257407407407407	0.291666666666667	0.351851851851852
