	minimum	q1	median	mean	q3	maximum
1	0.111111111111111	0.152777777777778	0.185185185185185	0.185185185185185	0.217592592592593	0.259259259259259
