	minimum	q1	median	mean	q3	maximum
1	0.0740740740740741	0.0925925925925926	0.111111111111111	0.127777777777778	0.171296296296296	0.203703703703704
