	minimum	q1	median	mean	q3	maximum
1	0.240740740740741	0.337962962962963	0.351851851851852	0.364814814814815	0.398148148148148	0.5
