	minimum	q1	median	mean	q3	maximum
1	0.740740740740741	0.763888888888889	0.796296296296296	0.792592592592593	0.810185185185185	0.87037037037037
