	minimum	q1	median	mean	q3	maximum
1	0.685185185185185	0.736111111111111	0.796296296296296	0.775925925925926	0.814814814814815	0.833333333333333
