	minimum	q1	median	mean	q3	maximum
1	0.037037037037037	0.0833333333333333	0.148148148148148	0.15	0.212962962962963	0.259259259259259
