	minimum	q1	median	mean	q3	maximum
1	0.703703703703704	0.726851851851852	0.768518518518519	0.766666666666667	0.777777777777778	0.87037037037037
