	minimum	q1	median	mean	q3	maximum
1	0.722222222222222	0.777777777777778	0.814814814814815	0.805555555555556	0.833333333333333	0.87037037037037
