	minimum	q1	median	mean	q3	maximum
1	0.759259259259259	0.782407407407407	0.805555555555556	0.816666666666667	0.856481481481482	0.888888888888889
