	minimum	q1	median	mean	q3	maximum
1	0.0925925925925926	0.226851851851852	0.25	0.235185185185185	0.277777777777778	0.277777777777778
