	minimum	q1	median	mean	q3	maximum
1	0.685185185185185	0.759259259259259	0.768518518518519	0.777777777777778	0.796296296296296	0.851851851851852
