	minimum	q1	median	mean	q3	maximum
1	0.111111111111111	0.12962962962963	0.157407407407407	0.168518518518519	0.194444444444444	0.277777777777778
