	minimum	q1	median	mean	q3	maximum
1	0.648148148148148	0.726851851851852	0.777777777777778	0.761111111111111	0.791666666666667	0.851851851851852
