	minimum	q1	median	mean	q3	maximum
1	0.685185185185185	0.726851851851852	0.777777777777778	0.764814814814815	0.791666666666667	0.851851851851852
