	minimum	q1	median	mean	q3	maximum
1	0.203703703703704	0.222222222222222	0.222222222222222	0.253703703703704	0.263888888888889	0.388888888888889
