	minimum	q1	median	mean	q3	maximum
1	0.685185185185185	0.703703703703704	0.740740740740741	0.744444444444444	0.759259259259259	0.87037037037037
