	minimum	q1	median	mean	q3	maximum
1	0.222222222222222	0.24537037037037	0.268518518518518	0.27962962962963	0.324074074074074	0.351851851851852
