	minimum	q1	median	mean	q3	maximum
1	0.685185185185185	0.759259259259259	0.777777777777778	0.77037037037037	0.805555555555555	0.833333333333333
