	minimum	q1	median	mean	q3	maximum
1	0.222222222222222	0.282407407407407	0.296296296296296	0.296296296296296	0.328703703703704	0.351851851851852
