	minimum	q1	median	mean	q3	maximum
1	0.314814814814815	0.333333333333333	0.342592592592593	0.375925925925926	0.439814814814815	0.462962962962963
