	minimum	q1	median	mean	q3	maximum
1	0.703703703703704	0.759259259259259	0.777777777777778	0.775925925925926	0.810185185185185	0.833333333333333
