	minimum	q1	median	mean	q3	maximum
1	0.703703703703704	0.74537037037037	0.768518518518519	0.768518518518518	0.791666666666667	0.851851851851852
