	minimum	q1	median	mean	q3	maximum
1	0.148148148148148	0.185185185185185	0.203703703703704	0.205555555555556	0.217592592592593	0.296296296296296
