	minimum	q1	median	mean	q3	maximum
1	0.0925925925925926	0.171296296296296	0.185185185185185	0.205555555555556	0.236111111111111	0.351851851851852
