	minimum	q1	median	mean	q3	maximum
1	0.62962962962963	0.75	0.777777777777778	0.77037037037037	0.805555555555555	0.888888888888889
