	minimum	q1	median	mean	q3	maximum
1	0.111111111111111	0.203703703703704	0.222222222222222	0.216666666666667	0.240740740740741	0.296296296296296
