	minimum	q1	median	mean	q3	maximum
1	0.0740740740740741	0.157407407407407	0.212962962962963	0.207407407407407	0.282407407407407	0.296296296296296
