	minimum	q1	median	mean	q3	maximum
1	0.62962962962963	0.722222222222222	0.777777777777778	0.759259259259259	0.796296296296296	0.87037037037037
