	minimum	q1	median	mean	q3	maximum
1	0.148148148148148	0.236111111111111	0.296296296296296	0.272222222222222	0.296296296296296	0.407407407407407
