	minimum	q1	median	mean	q3	maximum
1	0.685185185185185	0.74537037037037	0.777777777777778	0.775925925925926	0.810185185185185	0.888888888888889
