	minimum	q1	median	mean	q3	maximum
1	0.685185185185185	0.768518518518518	0.814814814814815	0.807407407407407	0.833333333333333	0.907407407407407
