	minimum	q1	median	mean	q3	maximum
1	0.166666666666667	0.185185185185185	0.212962962962963	0.212962962962963	0.240740740740741	0.277777777777778
