	minimum	q1	median	mean	q3	maximum
1	0.148148148148148	0.166666666666667	0.185185185185185	0.194444444444444	0.222222222222222	0.259259259259259
