	minimum	q1	median	mean	q3	maximum
1	0.185185185185185	0.212962962962963	0.25	0.248148148148148	0.287037037037037	0.296296296296296
