	minimum	q1	median	mean	q3	maximum
1	0.666666666666667	0.777777777777778	0.777777777777778	0.788888888888889	0.810185185185185	0.888888888888889
