	minimum	q1	median	mean	q3	maximum
1	0.740740740740741	0.782407407407407	0.805555555555556	0.803703703703704	0.828703703703704	0.851851851851852
