	minimum	q1	median	mean	q3	maximum
1	0.259259259259259	0.333333333333333	0.37962962962963	0.366666666666667	0.407407407407407	0.462962962962963
