	minimum	q1	median	mean	q3	maximum
1	0.611111111111111	0.722222222222222	0.759259259259259	0.755555555555556	0.810185185185185	0.833333333333333
