	minimum	q1	median	mean	q3	maximum
1	0.222222222222222	0.259259259259259	0.277777777777778	0.274074074074074	0.296296296296296	0.333333333333333
