	minimum	q1	median	mean	q3	maximum
1	0.240740740740741	0.277777777777778	0.314814814814815	0.32037037037037	0.375	0.407407407407407
