	minimum	q1	median	mean	q3	maximum
1	0.0925925925925926	0.134259259259259	0.157407407407407	0.161111111111111	0.180555555555556	0.222222222222222
