	minimum	q1	median	mean	q3	maximum
1	0.0185185185185185	0.0555555555555556	0.0555555555555556	0.0666666666666667	0.0925925925925926	0.111111111111111
