	minimum	q1	median	mean	q3	maximum
1	0.12962962962963	0.185185185185185	0.203703703703704	0.196296296296296	0.203703703703704	0.240740740740741
