	minimum	q1	median	mean	q3	maximum
1	0.222222222222222	0.407407407407407	0.425925925925926	0.42037037037037	0.444444444444444	0.537037037037037
