	minimum	q1	median	mean	q3	maximum
1	0.685185185185185	0.712962962962963	0.787037037037037	0.775925925925926	0.828703703703704	0.851851851851852
