	minimum	q1	median	mean	q3	maximum
1	0.666666666666667	0.726851851851852	0.805555555555556	0.781481481481481	0.828703703703704	0.87037037037037
