	minimum	q1	median	mean	q3	maximum
1	0.166666666666667	0.185185185185185	0.240740740740741	0.251851851851852	0.324074074074074	0.351851851851852
