	minimum	q1	median	mean	q3	maximum
1	0.0925925925925926	0.115740740740741	0.157407407407407	0.161111111111111	0.203703703703704	0.240740740740741
