	minimum	q1	median	mean	q3	maximum
1	0.722222222222222	0.763888888888889	0.814814814814815	0.809259259259259	0.851851851851852	0.888888888888889
