	minimum	q1	median	mean	q3	maximum
1	0.648148148148148	0.763888888888889	0.777777777777778	0.785185185185185	0.824074074074074	0.888888888888889
