	minimum	q1	median	mean	q3	maximum
1	0.259259259259259	0.333333333333333	0.342592592592593	0.353703703703704	0.388888888888889	0.425925925925926
