	minimum	q1	median	mean	q3	maximum
1	0.166666666666667	0.189814814814815	0.203703703703704	0.214814814814815	0.236111111111111	0.277777777777778
