	minimum	q1	median	mean	q3	maximum
1	0.685185185185185	0.731481481481481	0.787037037037037	0.796296296296296	0.851851851851852	0.925925925925926
