	minimum	q1	median	mean	q3	maximum
1	0.166666666666667	0.259259259259259	0.268518518518518	0.285185185185185	0.342592592592593	0.388888888888889
