	minimum	q1	median	mean	q3	maximum
1	0.0740740740740741	0.134259259259259	0.175925925925926	0.181481481481481	0.231481481481481	0.277777777777778
