	minimum	q1	median	mean	q3	maximum
1	0.111111111111111	0.203703703703704	0.231481481481481	0.22962962962963	0.268518518518519	0.314814814814815
