	minimum	q1	median	mean	q3	maximum
1	0.12962962962963	0.166666666666667	0.203703703703704	0.203703703703704	0.25462962962963	0.259259259259259
