	minimum	q1	median	mean	q3	maximum
1	0.222222222222222	0.333333333333333	0.37037037037037	0.355555555555556	0.402777777777778	0.462962962962963
