	minimum	q1	median	mean	q3	maximum
1	0.185185185185185	0.203703703703704	0.25	0.25	0.277777777777778	0.37037037037037
