	minimum	q1	median	mean	q3	maximum
1	0.037037037037037	0.0925925925925926	0.12962962962963	0.127777777777778	0.162037037037037	0.203703703703704
