	minimum	q1	median	mean	q3	maximum
1	0.648148148148148	0.740740740740741	0.759259259259259	0.764814814814815	0.819444444444444	0.851851851851852
