	minimum	q1	median	mean	q3	maximum
1	0.685185185185185	0.74537037037037	0.777777777777778	0.772222222222222	0.796296296296296	0.833333333333333
