	minimum	q1	median	mean	q3	maximum
1	0.0925925925925926	0.189814814814815	0.203703703703704	0.192592592592593	0.203703703703704	0.240740740740741
