	minimum	q1	median	mean	q3	maximum
1	0.759259259259259	0.777777777777778	0.796296296296296	0.798148148148148	0.814814814814815	0.87037037037037
