	minimum	q1	median	mean	q3	maximum
1	0.111111111111111	0.166666666666667	0.194444444444444	0.211111111111111	0.231481481481481	0.388888888888889
