	minimum	q1	median	mean	q3	maximum
1	0.703703703703704	0.777777777777778	0.805555555555556	0.796296296296296	0.814814814814815	0.851851851851852
