	minimum	q1	median	mean	q3	maximum
1	0.185185185185185	0.203703703703704	0.212962962962963	0.216666666666667	0.222222222222222	0.259259259259259
