	minimum	q1	median	mean	q3	maximum
1	0.0555555555555556	0.0740740740740741	0.101851851851852	0.122222222222222	0.143518518518519	0.259259259259259
