	minimum	q1	median	mean	q3	maximum
1	0.222222222222222	0.305555555555556	0.342592592592593	0.344444444444444	0.388888888888889	0.481481481481481
