	minimum	q1	median	mean	q3	maximum
1	0.259259259259259	0.342592592592593	0.388888888888889	0.374074074074074	0.421296296296296	0.444444444444444
