	minimum	q1	median	mean	q3	maximum
1	0.185185185185185	0.25	0.277777777777778	0.27962962962963	0.296296296296296	0.37037037037037
