	minimum	q1	median	mean	q3	maximum
1	0.666666666666667	0.722222222222222	0.759259259259259	0.753703703703704	0.800925925925926	0.833333333333333
