	minimum	q1	median	mean	q3	maximum
1	0.0185185185185185	0.0601851851851852	0.0740740740740741	0.0777777777777778	0.0925925925925926	0.12962962962963
