	minimum	q1	median	mean	q3	maximum
1	0.314814814814815	0.356481481481482	0.398148148148148	0.401851851851852	0.439814814814815	0.537037037037037
