	minimum	q1	median	mean	q3	maximum
1	0.685185185185185	0.75	0.796296296296296	0.783333333333333	0.814814814814815	0.851851851851852
