	minimum	q1	median	mean	q3	maximum
1	0.685185185185185	0.726851851851852	0.740740740740741	0.753703703703704	0.773148148148148	0.833333333333333
