	minimum	q1	median	mean	q3	maximum
1	0.703703703703704	0.731481481481481	0.768518518518519	0.777777777777778	0.810185185185185	0.87037037037037
