	minimum	q1	median	mean	q3	maximum
1	0.666666666666667	0.726851851851852	0.768518518518518	0.764814814814815	0.796296296296296	0.851851851851852
