	minimum	q1	median	mean	q3	maximum
1	0.333333333333333	0.351851851851852	0.37962962962963	0.375925925925926	0.388888888888889	0.444444444444444
