	minimum	q1	median	mean	q3	maximum
1	0.685185185185185	0.74537037037037	0.777777777777778	0.77962962962963	0.796296296296296	0.925925925925926
