	minimum	q1	median	mean	q3	maximum
1	0.648148148148148	0.712962962962963	0.740740740740741	0.751851851851852	0.796296296296296	0.833333333333333
