	minimum	q1	median	mean	q3	maximum
1	0.648148148148148	0.726851851851852	0.787037037037037	0.774074074074074	0.828703703703704	0.87037037037037
