	minimum	q1	median	mean	q3	maximum
1	0.12962962962963	0.208333333333333	0.25	0.235185185185185	0.259259259259259	0.333333333333333
