	minimum	q1	median	mean	q3	maximum
1	0.666666666666667	0.694444444444445	0.777777777777778	0.762962962962963	0.810185185185185	0.888888888888889
