	minimum	q1	median	mean	q3	maximum
1	0.314814814814815	0.37037037037037	0.388888888888889	0.396296296296296	0.425925925925926	0.462962962962963
