	minimum	q1	median	mean	q3	maximum
1	0.722222222222222	0.763888888888889	0.787037037037037	0.783333333333333	0.814814814814815	0.814814814814815
