	minimum	q1	median	mean	q3	maximum
1	0.185185185185185	0.24537037037037	0.287037037037037	0.275925925925926	0.310185185185185	0.351851851851852
