	minimum	q1	median	mean	q3	maximum
1	0.703703703703704	0.726851851851852	0.777777777777778	0.757407407407407	0.777777777777778	0.796296296296296
