	minimum	q1	median	mean	q3	maximum
1	0.148148148148148	0.175925925925926	0.25	0.227777777777778	0.273148148148148	0.296296296296296
