	minimum	q1	median	mean	q3	maximum
1	0.648148148148148	0.777777777777778	0.796296296296296	0.792592592592593	0.828703703703704	0.851851851851852
