	minimum	q1	median	mean	q3	maximum
1	0.666666666666667	0.740740740740741	0.814814814814815	0.783333333333333	0.833333333333333	0.851851851851852
