	minimum	q1	median	mean	q3	maximum
1	0.740740740740741	0.75	0.833333333333333	0.809259259259259	0.847222222222222	0.888888888888889
