	minimum	q1	median	mean	q3	maximum
1	0.648148148148148	0.708333333333333	0.805555555555556	0.766666666666667	0.814814814814815	0.87037037037037
