	minimum	q1	median	mean	q3	maximum
1	0.666666666666667	0.763888888888889	0.814814814814815	0.787037037037037	0.833333333333333	0.851851851851852
