	minimum	q1	median	mean	q3	maximum
1	0.666666666666667	0.759259259259259	0.787037037037037	0.781481481481481	0.814814814814815	0.87037037037037
