	minimum	q1	median	mean	q3	maximum
1	0.0185185185185185	0.0601851851851852	0.0740740740740741	0.0962962962962963	0.134259259259259	0.185185185185185
