	minimum	q1	median	mean	q3	maximum
1	0.722222222222222	0.74537037037037	0.768518518518519	0.777777777777778	0.805555555555555	0.851851851851852
