	minimum	q1	median	mean	q3	maximum
1	0.0925925925925926	0.0972222222222222	0.111111111111111	0.137037037037037	0.175925925925926	0.222222222222222
