	minimum	q1	median	mean	q3	maximum
1	0.0740740740740741	0.226851851851852	0.259259259259259	0.244444444444444	0.273148148148148	0.314814814814815
