	minimum	q1	median	mean	q3	maximum
1	0.685185185185185	0.763888888888889	0.787037037037037	0.788888888888889	0.833333333333333	0.851851851851852
