	minimum	q1	median	mean	q3	maximum
1	0.685185185185185	0.708333333333333	0.768518518518519	0.757407407407407	0.796296296296296	0.833333333333333
