	minimum	q1	median	mean	q3	maximum
1	0.685185185185185	0.74537037037037	0.768518518518519	0.785185185185185	0.828703703703704	0.907407407407407
