	minimum	q1	median	mean	q3	maximum
1	0.203703703703704	0.24537037037037	0.259259259259259	0.257407407407407	0.277777777777778	0.314814814814815
