	minimum	q1	median	mean	q3	maximum
1	0.185185185185185	0.203703703703704	0.222222222222222	0.22962962962963	0.240740740740741	0.296296296296296
