	minimum	q1	median	mean	q3	maximum
1	0.314814814814815	0.356481481481482	0.37037037037037	0.368518518518519	0.384259259259259	0.407407407407407
