	minimum	q1	median	mean	q3	maximum
1	0.037037037037037	0.0925925925925926	0.101851851851852	0.107407407407407	0.143518518518519	0.148148148148148
