	minimum	q1	median	mean	q3	maximum
1	0.277777777777778	0.337962962962963	0.37962962962963	0.385185185185185	0.407407407407407	0.518518518518518
