	minimum	q1	median	mean	q3	maximum
1	0.703703703703704	0.75	0.805555555555556	0.792592592592593	0.833333333333333	0.888888888888889
