	minimum	q1	median	mean	q3	maximum
1	0.666666666666667	0.717592592592593	0.759259259259259	0.755555555555556	0.796296296296296	0.833333333333333
