	minimum	q1	median	mean	q3	maximum
1	0.722222222222222	0.74537037037037	0.759259259259259	0.774074074074074	0.777777777777778	0.888888888888889
