	minimum	q1	median	mean	q3	maximum
1	0.314814814814815	0.351851851851852	0.388888888888889	0.394444444444444	0.421296296296296	0.5
