	minimum	q1	median	mean	q3	maximum
1	0.703703703703704	0.759259259259259	0.768518518518519	0.77962962962963	0.810185185185185	0.851851851851852
