	minimum	q1	median	mean	q3	maximum
1	0.685185185185185	0.708333333333333	0.787037037037037	0.781481481481481	0.828703703703704	0.907407407407407
