	minimum	q1	median	mean	q3	maximum
1	0.685185185185185	0.722222222222222	0.740740740740741	0.761111111111111	0.810185185185185	0.851851851851852
