	minimum	q1	median	mean	q3	maximum
1	0.111111111111111	0.25	0.277777777777778	0.268518518518519	0.277777777777778	0.388888888888889
