	minimum	q1	median	mean	q3	maximum
1	0.0925925925925926	0.101851851851852	0.166666666666667	0.161111111111111	0.203703703703704	0.240740740740741
