	minimum	q1	median	mean	q3	maximum
1	0.0555555555555556	0.0925925925925926	0.111111111111111	0.122222222222222	0.148148148148148	0.203703703703704
