	minimum	q1	median	mean	q3	maximum
1	0.685185185185185	0.726851851851852	0.75	0.746296296296296	0.759259259259259	0.814814814814815
