	minimum	q1	median	mean	q3	maximum
1	0.0555555555555556	0.0601851851851852	0.0925925925925926	0.0981481481481481	0.125	0.166666666666667
