	minimum	q1	median	mean	q3	maximum
1	0.222222222222222	0.240740740740741	0.259259259259259	0.27962962962963	0.328703703703704	0.37037037037037
