	minimum	q1	median	mean	q3	maximum
1	0.111111111111111	0.148148148148148	0.175925925925926	0.174074074074074	0.212962962962963	0.222222222222222
