	minimum	q1	median	mean	q3	maximum
1	0.0185185185185185	0.0787037037037037	0.12962962962963	0.105555555555556	0.12962962962963	0.148148148148148
