	minimum	q1	median	mean	q3	maximum
1	0.666666666666667	0.796296296296296	0.814814814814815	0.811111111111111	0.847222222222222	0.925925925925926
