	minimum	q1	median	mean	q3	maximum
1	0.703703703703704	0.740740740740741	0.777777777777778	0.781481481481481	0.824074074074074	0.851851851851852
