	minimum	q1	median	mean	q3	maximum
1	0.148148148148148	0.189814814814815	0.222222222222222	0.214814814814815	0.236111111111111	0.296296296296296
