	minimum	q1	median	mean	q3	maximum
1	0.685185185185185	0.726851851851852	0.740740740740741	0.785185185185185	0.865740740740741	0.907407407407407
