	minimum	q1	median	mean	q3	maximum
1	0.740740740740741	0.759259259259259	0.787037037037037	0.8	0.842592592592593	0.888888888888889
