	minimum	q1	median	mean	q3	maximum
1	0.166666666666667	0.189814814814815	0.212962962962963	0.224074074074074	0.25	0.333333333333333
