	minimum	q1	median	mean	q3	maximum
1	0.277777777777778	0.310185185185185	0.351851851851852	0.355555555555556	0.388888888888889	0.444444444444444
