	minimum	q1	median	mean	q3	maximum
1	0.0185185185185185	0.0740740740740741	0.0925925925925926	0.0851851851851852	0.106481481481481	0.148148148148148
