	minimum	q1	median	mean	q3	maximum
1	0.111111111111111	0.185185185185185	0.203703703703704	0.201851851851852	0.217592592592593	0.314814814814815
