	minimum	q1	median	mean	q3	maximum
1	0.685185185185185	0.740740740740741	0.759259259259259	0.761111111111111	0.777777777777778	0.87037037037037
