	minimum	q1	median	mean	q3	maximum
1	0.722222222222222	0.731481481481481	0.777777777777778	0.785185185185185	0.814814814814815	0.888888888888889
