	minimum	q1	median	mean	q3	maximum
1	0.185185185185185	0.208333333333333	0.268518518518518	0.259259259259259	0.310185185185185	0.314814814814815
