	minimum	q1	median	mean	q3	maximum
1	0.277777777777778	0.356481481481482	0.37037037037037	0.372222222222222	0.402777777777778	0.425925925925926
