	minimum	q1	median	mean	q3	maximum
1	0.0740740740740741	0.115740740740741	0.148148148148148	0.140740740740741	0.166666666666667	0.203703703703704
