	minimum	q1	median	mean	q3	maximum
1	0.0185185185185185	0.0787037037037037	0.0925925925925926	0.0981481481481481	0.106481481481481	0.203703703703704
