	minimum	q1	median	mean	q3	maximum
1	0.685185185185185	0.759259259259259	0.787037037037037	0.774074074074074	0.796296296296296	0.851851851851852
