	minimum	q1	median	mean	q3	maximum
1	0.12962962962963	0.138888888888889	0.203703703703704	0.188888888888889	0.222222222222222	0.240740740740741
