	minimum	q1	median	mean	q3	maximum
1	0.333333333333333	0.356481481481482	0.398148148148148	0.409259259259259	0.458333333333333	0.518518518518518
