	minimum	q1	median	mean	q3	maximum
1	0.666666666666667	0.75	0.805555555555556	0.792592592592593	0.851851851851852	0.888888888888889
