	minimum	q1	median	mean	q3	maximum
1	0.722222222222222	0.759259259259259	0.768518518518519	0.794444444444445	0.828703703703704	0.907407407407407
