	minimum	q1	median	mean	q3	maximum
1	0.111111111111111	0.166666666666667	0.175925925925926	0.177777777777778	0.199074074074074	0.240740740740741
