	minimum	q1	median	mean	q3	maximum
1	0.703703703703704	0.74537037037037	0.787037037037037	0.783333333333333	0.810185185185185	0.87037037037037
