	minimum	q1	median	mean	q3	maximum
1	0.740740740740741	0.796296296296296	0.824074074074074	0.822222222222222	0.851851851851852	0.888888888888889
