	minimum	q1	median	mean	q3	maximum
1	0.648148148148148	0.740740740740741	0.768518518518519	0.766666666666667	0.810185185185185	0.907407407407407
