	minimum	q1	median	mean	q3	maximum
1	0.703703703703704	0.740740740740741	0.75	0.761111111111111	0.787037037037037	0.833333333333333
