	minimum	q1	median	mean	q3	maximum
1	0.166666666666667	0.222222222222222	0.287037037037037	0.283333333333333	0.333333333333333	0.407407407407407
