	minimum	q1	median	mean	q3	maximum
1	0.185185185185185	0.24537037037037	0.268518518518518	0.264814814814815	0.277777777777778	0.351851851851852
