	minimum	q1	median	mean	q3	maximum
1	0.648148148148148	0.722222222222222	0.759259259259259	0.764814814814815	0.814814814814815	0.87037037037037
