	minimum	q1	median	mean	q3	maximum
1	0.740740740740741	0.763888888888889	0.777777777777778	0.787037037037037	0.777777777777778	0.907407407407407
