	minimum	q1	median	mean	q3	maximum
1	0.685185185185185	0.763888888888889	0.777777777777778	0.787037037037037	0.824074074074074	0.87037037037037
