	minimum	q1	median	mean	q3	maximum
1	0.0925925925925926	0.12962962962963	0.12962962962963	0.140740740740741	0.148148148148148	0.222222222222222
