	minimum	q1	median	mean	q3	maximum
1	0.703703703703704	0.717592592592593	0.777777777777778	0.768518518518518	0.796296296296296	0.851851851851852
