	minimum	q1	median	mean	q3	maximum
1	0.0925925925925926	0.134259259259259	0.157407407407407	0.172222222222222	0.199074074074074	0.296296296296296
