	minimum	q1	median	mean	q3	maximum
1	0.666666666666667	0.74537037037037	0.824074074074074	0.788888888888889	0.833333333333333	0.888888888888889
