	minimum	q1	median	mean	q3	maximum
1	0.185185185185185	0.259259259259259	0.268518518518518	0.274074074074074	0.296296296296296	0.388888888888889
