	minimum	q1	median	mean	q3	maximum
1	0.314814814814815	0.37962962962963	0.425925925925926	0.412962962962963	0.458333333333333	0.481481481481481
