	minimum	q1	median	mean	q3	maximum
1	0.0185185185185185	0.0833333333333333	0.12962962962963	0.118518518518519	0.143518518518519	0.185185185185185
