	minimum	q1	median	mean	q3	maximum
1	0	0.0277777777777778	0.0833333333333333	0.062962962962963	0.0925925925925926	0.111111111111111
