	minimum	q1	median	mean	q3	maximum
1	0.037037037037037	0.111111111111111	0.12962962962963	0.137037037037037	0.162037037037037	0.240740740740741
