	minimum	q1	median	mean	q3	maximum
1	0.148148148148148	0.208333333333333	0.231481481481481	0.233333333333333	0.240740740740741	0.351851851851852
