	minimum	q1	median	mean	q3	maximum
1	0.240740740740741	0.263888888888889	0.296296296296296	0.301851851851852	0.324074074074074	0.407407407407407
