	minimum	q1	median	mean	q3	maximum
1	0.666666666666667	0.740740740740741	0.759259259259259	0.755555555555556	0.777777777777778	0.814814814814815
