	minimum	q1	median	mean	q3	maximum
1	0.685185185185185	0.777777777777778	0.805555555555556	0.790740740740741	0.833333333333333	0.833333333333333
