	minimum	q1	median	mean	q3	maximum
1	0.648148148148148	0.74537037037037	0.777777777777778	0.774074074074074	0.814814814814815	0.87037037037037
