	minimum	q1	median	mean	q3	maximum
1	0.277777777777778	0.319444444444444	0.361111111111111	0.366666666666667	0.425925925925926	0.444444444444444
