	minimum	q1	median	mean	q3	maximum
1	0.351851851851852	0.407407407407407	0.425925925925926	0.453703703703704	0.490740740740741	0.592592592592593
