	minimum	q1	median	mean	q3	maximum
1	0.111111111111111	0.208333333333333	0.240740740740741	0.235185185185185	0.287037037037037	0.333333333333333
