	minimum	q1	median	mean	q3	maximum
1	0.12962962962963	0.134259259259259	0.148148148148148	0.162962962962963	0.189814814814815	0.222222222222222
