	minimum	q1	median	mean	q3	maximum
1	0.277777777777778	0.356481481481482	0.37037037037037	0.390740740740741	0.449074074074074	0.5
