	minimum	q1	median	mean	q3	maximum
1	0.12962962962963	0.152777777777778	0.194444444444444	0.187037037037037	0.203703703703704	0.259259259259259
