	minimum	q1	median	mean	q3	maximum
1	0.166666666666667	0.222222222222222	0.240740740740741	0.253703703703704	0.310185185185185	0.333333333333333
