	minimum	q1	median	mean	q3	maximum
1	0.0740740740740741	0.0972222222222222	0.12037037037037	0.131481481481481	0.148148148148148	0.240740740740741
