	minimum	q1	median	mean	q3	maximum
1	0.648148148148148	0.731481481481481	0.759259259259259	0.755555555555556	0.759259259259259	0.907407407407407
