	minimum	q1	median	mean	q3	maximum
1	0.148148148148148	0.185185185185185	0.203703703703704	0.224074074074074	0.268518518518519	0.333333333333333
