	minimum	q1	median	mean	q3	maximum
1	0.703703703703704	0.75	0.777777777777778	0.787037037037037	0.837962962962963	0.888888888888889
