	minimum	q1	median	mean	q3	maximum
1	0.166666666666667	0.166666666666667	0.194444444444444	0.198148148148148	0.222222222222222	0.240740740740741
