	minimum	q1	median	mean	q3	maximum
1	0.703703703703704	0.763888888888889	0.796296296296296	0.805555555555556	0.861111111111111	0.888888888888889
