	minimum	q1	median	mean	q3	maximum
1	0.222222222222222	0.226851851851852	0.25	0.261111111111111	0.277777777777778	0.333333333333333
