	minimum	q1	median	mean	q3	maximum
1	0.666666666666667	0.726851851851852	0.740740740740741	0.755555555555556	0.805555555555555	0.851851851851852
