	minimum	q1	median	mean	q3	maximum
1	0.037037037037037	0.0555555555555556	0.0925925925925926	0.0796296296296296	0.0925925925925926	0.148148148148148
