	minimum	q1	median	mean	q3	maximum
1	0.666666666666667	0.759259259259259	0.796296296296296	0.781481481481481	0.824074074074074	0.87037037037037
