	minimum	q1	median	mean	q3	maximum
1	0.0555555555555556	0.0787037037037037	0.111111111111111	0.125925925925926	0.162037037037037	0.222222222222222
