	minimum	q1	median	mean	q3	maximum
1	0.259259259259259	0.305555555555556	0.37037037037037	0.374074074074074	0.425925925925926	0.5
