	minimum	q1	median	mean	q3	maximum
1	0.703703703703704	0.759259259259259	0.768518518518519	0.774074074074074	0.805555555555555	0.851851851851852
