	minimum	q1	median	mean	q3	maximum
1	0.722222222222222	0.763888888888889	0.833333333333333	0.82037037037037	0.851851851851852	0.944444444444444
