	minimum	q1	median	mean	q3	maximum
1	0.222222222222222	0.300925925925926	0.342592592592593	0.344444444444444	0.37037037037037	0.444444444444444
