	minimum	q1	median	mean	q3	maximum
1	0.0740740740740741	0.203703703703704	0.240740740740741	0.227777777777778	0.25462962962963	0.37037037037037
