	minimum	q1	median	mean	q3	maximum
1	0.685185185185185	0.768518518518518	0.796296296296296	0.794444444444444	0.842592592592593	0.888888888888889
